antecedents,consequents,antecedent support,consequent support,support,confidence,lift,representativity,leverage,conviction,zhangs_metric,jaccard,certainty,kulczynski
frozenset({'Butter'}),frozenset({'Bread'}),0.6,0.8,0.4,0.6666666666666667,0.8333333333333334,1.0,-0.07999999999999996,0.6,-0.3333333333333332,0.4000000000000001,-0.6666666666666666,0.5833333333333334
frozenset({'Eggs'}),frozenset({'Bread'}),0.4,0.8,0.4,1.0,1.25,1.0,0.07999999999999996,inf,0.3333333333333332,0.49999999999999994,1.0,0.75
frozenset({'Bread'}),frozenset({'Milk'}),0.8,0.8,0.6,0.7499999999999999,0.9374999999999998,1.0,-0.04000000000000015,0.7999999999999995,-0.25000000000000083,0.6,-0.25000000000000083,0.7499999999999999
frozenset({'Milk'}),frozenset({'Bread'}),0.8,0.8,0.6,0.7499999999999999,0.9374999999999998,1.0,-0.04000000000000015,0.7999999999999995,-0.25000000000000083,0.6,-0.25000000000000083,0.7499999999999999
frozenset({'Butter'}),frozenset({'Milk'}),0.6,0.8,0.4,0.6666666666666667,0.8333333333333334,1.0,-0.07999999999999996,0.6,-0.3333333333333332,0.4000000000000001,-0.6666666666666666,0.5833333333333334
